Workbook

Sheet DATA
A1: Month | B1: Channel | C1: Profile (Market) | D1: Format | E1: Posted Date | F1: Pillar | G1: Master Pillar | H1: Engagements | I1: Comments | J1: Like | K1: Impressions | L1: Reach | M1: Engagement Rates
A2: July | B2: Facebook | C2: Japan | D2: video | E2: Jul 29th 2025 | F2: Education | G2: Bousai Education | H2: 2 | I2: 0 | J2: 1 | K2: 4 | L2: 4 | M2: 0.5
A3: July | B3: Facebook | C3: Middle East | D3: video | E3: Jul 29th 2025 | F3: Product | G3: Product Education | H3: 1 | I3: 0 | J3: 0 | K3: 165 | L3: 164 | M3: 0.006097561
A4: July | B4: Facebook | C4: Spain | D4: video | E4: Jul 29th 2025 | F4: Product | G4: Product Education | H4: 1 | I4: 0 | J4: 1 | K4: 187 | L4: 186 | M4: 0.0053763441
A5: July | B5: Facebook | C5: Česká republika | D5: video | E5: Jul 29th 2025 | F5: Product | G5: Product Education | H5: 2 | I5: 0 | J5: 0 | K5: 66 | L5: 66 | M5: 0.03030303
A6: July | B6: Facebook | C6: Vietnam | D6: video | E6: Jul 29th 2025 | F6: Product | G6: Product Education | H6: 0 | I6: 0 | J6: 0 | K6: 28 | L6: 28 | M6: 0
A7: July | B7: Facebook | C7: Turkey | D7: video | E7: Jul 29th 2025 | F7: Product | G7: Product Education | H7: 3 | I7: 0 | J7: 2 | K7: 26 | L7: 26 | M7: 0.11538462
A8: July | B8: Facebook | C8: Thailand | D8: video | E8: Jul 29th 2025 | F8: Product | G8: Product Education | H8: 2 | I8: 0 | J8: 0 | K8: 18 | L8: 17 | M8: 0.11764706
A9: July | B9: Facebook | C9: Taiwan | D9: video | E9: Jul 29th 2025 | F9: Product | G9: Product Education | H9: 0 | I9: 0 | J9: 0 | K9: 10 | L9: 10 | M9: 0
A10: July | B10: Facebook | C10: Hungary. | D10: video | E10: Jul 29th 2025 | F10: Product | G10: Product Education | H10: 0 | I10: 0 | J10: 0 | K10: 69 | L10: 69 | M10: 0
A11: July | B11: Facebook | C11: Hongkong | D11: video | E11: Jul 29th 2025 | F11: Product | G11: Product Education | H11: 4 | I11: 0 | J11: 3 | K11: 29 | L11: 29 | M11: 0.13793103
A12: July | B12: Facebook | C12: Belgium | D12: video | E12: Jul 29th 2025 | F12: Product | G12: Product Education | H12: 4 | I12: 0 | J12: 1 | K12: 833 | L12: 788 | M12: 0.0050761421
A13: July | B13: Facebook | C13: Greece | D13: video | E13: Jul 29th 2025 | F13: Product | G13: Product Education | H13: 1 | I13: 0 | J13: 0 | K13: 630 | L13: 630 | M13: 0.0015873016
... A650: November | B650: Instagram | C650: Taiwan | D650: IMAGE | E650: Nov 1st 2025 | F650: unknown | G650: unknown | H650: 2 | I650: 2 | J650: 0 | K650: 21 | L650: 20 | M650: 0.1
A652: MARKET SUMMARY
A653: Market | B653: Count of Posts | C653: Total Engagements | D653: Avg Engagement | E653: Total Reach | F653: Total Impressions | G653: Total Likes | H653: Total Comments
A654: Belgium | B654: =COUNTIF($C$2:$C$650,"*"&A654&"*") -> 64 | C654: =SUMIF($C$2:$C$650,"*"&A654&"*",$H$2:$H$650) -> 16963 | D654: =IFERROR(C654/B654,0) -> 265.04688 | E654: =SUMIF($C$2:$C$650,"*"&A654&"*",$L$2:$L$650) -> 166244 | F654: =SUMIF($C$2:$C$650,"*"&A654&"*",$K$2:$K$650) -> 508816 | G654: =SUMIF($C$2:$C$650,"*"&A654&"*",$J$2:$J$650) -> 18 | H654: =SUMIF($C$2:$C$650,"*"&A654&"*",$I$2:$I$650) -> 15
A655: Greece | B655: =COUNTIF($C$2:$C$650,"*"&A655&"*") -> 60 | C655: =SUMIF($C$2:$C$650,"*"&A655&"*",$H$2:$H$650) -> 14459 | D655: =IFERROR(C655/B655,0) -> 240.98333 | E655: =SUMIF($C$2:$C$650,"*"&A655&"*",$L$2:$L$650) -> 102884 | F655: =SUMIF($C$2:$C$650,"*"&A655&"*",$K$2:$K$650) -> 397473 | G655: =SUMIF($C$2:$C$650,"*"&A655&"*",$J$2:$J$650) -> 89 | H655: =SUMIF($C$2:$C$650,"*"&A655&"*",$I$2:$I$650) -> 98
A656: Hongkong | B656: =COUNTIF($C$2:$C$650,"*"&A656&"*") -> 56 | C656: =SUMIF($C$2:$C$650,"*"&A656&"*",$H$2:$H$650) -> 53786 | D656: =IFERROR(C656/B656,0) -> 960.46429 | E656: =SUMIF($C$2:$C$650,"*"&A656&"*",$L$2:$L$650) -> 493055 | F656: =SUMIF($C$2:$C$650,"*"&A656&"*",$K$2:$K$650) -> 518263 | G656: =SUMIF($C$2:$C$650,"*"&A656&"*",$J$2:$J$650) -> 64 | H656: =SUMIF($C$2:$C$650,"*"&A656&"*",$I$2:$I$650) -> 47
A657: Hungary. | B657: =COUNTIF($C$2:$C$650,"*"&A657&"*") -> 58 | C657: =SUMIF($C$2:$C$650,"*"&A657&"*",$H$2:$H$650) -> 14906 | D657: =IFERROR(C657/B657,0) -> 257 | E657: =SUMIF($C$2:$C$650,"*"&A657&"*",$L$2:$L$650) -> 87971 | F657: =SUMIF($C$2:$C$650,"*"&A657&"*",$K$2:$K$650) -> 395555 | G657: =SUMIF($C$2:$C$650,"*"&A657&"*",$J$2:$J$650) -> 92 | H657: =SUMIF($C$2:$C$650,"*"&A657&"*",$I$2:$I$650) -> 39
A658: International | B658: =COUNTIF($C$2:$C$650,"*"&A658&"*") -> 8 | C658: =SUMIF($C$2:$C$650,"*"&A658&"*",$H$2:$H$650) -> 60782 | D658: =IFERROR(C658/B658,0) -> 7597.75 | E658: =SUMIF($C$2:$C$650,"*"&A658&"*",$L$2:$L$650) -> 353612 | F658: =SUMIF($C$2:$C$650,"*"&A658&"*",$K$2:$K$650) -> 1484445 | G658: =SUMIF($C$2:$C$650,"*"&A658&"*",$J$2:$J$650) -> 162 | H658: =SUMIF($C$2:$C$650,"*"&A658&"*",$I$2:$I$650) -> 1
A659: Japan | B659: =COUNTIF($C$2:$C$650,"*"&A659&"*") -> 29 | C659: =SUMIF($C$2:$C$650,"*"&A659&"*",$H$2:$H$650) -> 117 | D659: =IFERROR(C659/B659,0) -> 4.0344828 | E659: =SUMIF($C$2:$C$650,"*"&A659&"*",$L$2:$L$650) -> 702 | F659: =SUMIF($C$2:$C$650,"*"&A659&"*",$K$2:$K$650) -> 770 | G659: =SUMIF($C$2:$C$650,"*"&A659&"*",$J$2:$J$650) -> 5 | H659: =SUMIF($C$2:$C$650,"*"&A659&"*",$I$2:$I$650) -> 70
A660: Middle East | B660: =COUNTIF($C$2:$C$650,"*"&A660&"*") -> 60 | C660: =SUMIF($C$2:$C$650,"*"&A660&"*",$H$2:$H$650) -> 539 | D660: =IFERROR(C660/B660,0) -> 8.9833333 | E660: =SUMIF($C$2:$C$650,"*"&A660&"*",$L$2:$L$650) -> 12264 | F660: =SUMIF($C$2:$C$650,"*"&A660&"*",$K$2:$K$650) -> 12408 | G660: =SUMIF($C$2:$C$650,"*"&A660&"*",$J$2:$J$650) -> 71 | H660: =SUMIF($C$2:$C$650,"*"&A660&"*",$I$2:$I$650) -> 319
A661: Spain | B661: =COUNTIF($C$2:$C$650,"*"&A661&"*") -> 32 | C661: =SUMIF($C$2:$C$650,"*"&A661&"*",$H$2:$H$650) -> 31038 | D661: =IFERROR(C661/B661,0) -> 969.9375 | E661: =SUMIF($C$2:$C$650,"*"&A661&"*",$L$2:$L$650) -> 262626 | F661: =SUMIF($C$2:$C$650,"*"&A661&"*",$K$2:$K$650) -> 841042 | G661: =SUMIF($C$2:$C$650,"*"&A661&"*",$J$2:$J$650) -> 44 | H661: =SUMIF($C$2:$C$650,"*"&A661&"*",$I$2:$I$650) -> 0
A662: Taiwan | B662: =COUNTIF($C$2:$C$650,"*"&A662&"*") -> 58 | C662: =SUMIF($C$2:$C$650,"*"&A662&"*",$H$2:$H$650) -> 112605 | D662: =IFERROR(C662/B662,0) -> 1941.4655 | E662: =SUMIF($C$2:$C$650,"*"&A662&"*",$L$2:$L$650) -> 911746 | F662: =SUMIF($C$2:$C$650,"*"&A662&"*",$K$2:$K$650) -> 976258 | G662: =SUMIF($C$2:$C$650,"*"&A662&"*",$J$2:$J$650) -> 20 | H662: =SUMIF($C$2:$C$650,"*"&A662&"*",$I$2:$I$650) -> 18
A663: Thailand | B663: =COUNTIF($C$2:$C$650,"*"&A663&"*") -> 54 | C663: =SUMIF($C$2:$C$650,"*"&A663&"*",$H$2:$H$650) -> 459065 | D663: =IFERROR(C663/B663,0) -> 8501.2037 | E663: =SUMIF($C$2:$C$650,"*"&A663&"*",$L$2:$L$650) -> 1550878 | F663: =SUMIF($C$2:$C$650,"*"&A663&"*",$K$2:$K$650) -> 1554292 | G663: =SUMIF($C$2:$C$650,"*"&A663&"*",$J$2:$J$650) -> 22 | H663: =SUMIF($C$2:$C$650,"*"&A663&"*",$I$2:$I$650) -> 10
A664: Turkey | B664: =COUNTIF($C$2:$C$650,"*"&A664&"*") -> 58 | C664: =SUMIF($C$2:$C$650,"*"&A664&"*",$H$2:$H$650) -> 5852 | D664: =IFERROR(C664/B664,0) -> 100.89655 | E664: =SUMIF($C$2:$C$650,"*"&A664&"*",$L$2:$L$650) -> 681188 | F664: =SUMIF($C$2:$C$650,"*"&A664&"*",$K$2:$K$650) -> 694370 | G664: =SUMIF($C$2:$C$650,"*"&A664&"*",$J$2:$J$650) -> 132 | H664: =SUMIF($C$2:$C$650,"*"&A664&"*",$I$2:$I$650) -> 341
A665: Vietnam | B665: =COUNTIF($C$2:$C$650,"*"&A665&"*") -> 54 | C665: =SUMIF($C$2:$C$650,"*"&A665&"*",$H$2:$H$650) -> 288335 | D665: =IFERROR(C665/B665,0) -> 5339.537 | E665: =SUMIF($C$2:$C$650,"*"&A665&"*",$L$2:$L$650) -> 1462037 | F665: =SUMIF($C$2:$C$650,"*"&A665&"*",$K$2:$K$650) -> 1494137 | G665: =SUMIF($C$2:$C$650,"*"&A665&"*",$J$2:$J$650) -> 40 | H665: =SUMIF($C$2:$C$650,"*"&A665&"*",$I$2:$I$650) -> 12
A666: Česká republika | B666: =COUNTIF($C$2:$C$650,"*"&A666&"*") -> 58 | C666: =SUMIF($C$2:$C$650,"*"&A666&"*",$H$2:$H$650) -> 10133 | D666: =IFERROR(C666/B666,0) -> 174.7069 | E666: =SUMIF($C$2:$C$650,"*"&A666&"*",$L$2:$L$650) -> 107337 | F666: =SUMIF($C$2:$C$650,"*"&A666&"*",$K$2:$K$650) -> 301671 | G666: =SUMIF($C$2:$C$650,"*"&A666&"*",$J$2:$J$650) -> 24 | H666: =SUMIF($C$2:$C$650,"*"&A666&"*",$I$2:$I$650) -> 44
A667: TOTAL | B667: =SUM(B654:B666) -> 649 | C667: =SUM(C654:C666) -> 1068580 | D667: =IFERROR(C667/B667,0) -> 1646.5023 | E667: =SUM(E654:E666) -> 6192544 | F667: =SUM(F654:F666) -> 9179500 | G667: =SUM(G654:G666) -> 783 | H667: =SUM(H654:H666) -> 1014

Sheet Cleaned Data
A1: Month | B1: Channel | C1: Profile (Market) | D1: Format | E1: Posted Date | F1: Pillar | G1: Master Pillar | H1: Engagements | I1: Comments | J1: Like | K1: Impressions | L1: Reach | M1: Engagement Rates
A2: July | B2: Facebook | C2: Japan | D2: video | E2: Jul 29th 2025 | F2: Education | G2: Bousai Education | H2: 2 | I2: 0 | J2: 1 | K2: 4 | L2: 4 | M2: 0.5
A3: July | B3: Facebook | C3: Middle East | D3: video | E3: Jul 29th 2025 | F3: Product | G3: Product Education | H3: 1 | I3: 0 | J3: 0 | K3: 165 | L3: 164 | M3: 0.006097561
A4: July | B4: Facebook | C4: Spain | D4: video | E4: Jul 29th 2025 | F4: Product | G4: Product Education | H4: 1 | I4: 0 | J4: 1 | K4: 187 | L4: 186 | M4: 0.0053763441
A5: July | B5: Facebook | C5: Česká republika | D5: video | E5: Jul 29th 2025 | F5: Product | G5: Product Education | H5: 2 | I5: 0 | J5: 0 | K5: 66 | L5: 66 | M5: 0.03030303
A6: July | B6: Facebook | C6: Vietnam | D6: video | E6: Jul 29th 2025 | F6: Product | G6: Product Education | H6: 0 | I6: 0 | J6: 0 | K6: 28 | L6: 28 | M6: 0
A7: July | B7: Facebook | C7: Turkey | D7: video | E7: Jul 29th 2025 | F7: Product | G7: Product Education | H7: 3 | I7: 0 | J7: 2 | K7: 26 | L7: 26 | M7: 0.11538462
A8: July | B8: Facebook | C8: Thailand | D8: video | E8: Jul 29th 2025 | F8: Product | G8: Product Education | H8: 2 | I8: 0 | J8: 0 | K8: 18 | L8: 17 | M8: 0.11764706
A9: July | B9: Facebook | C9: Taiwan | D9: video | E9: Jul 29th 2025 | F9: Product | G9: Product Education | H9: 0 | I9: 0 | J9: 0 | K9: 10 | L9: 10 | M9: 0
A10: July | B10: Facebook | C10: Hungary. | D10: video | E10: Jul 29th 2025 | F10: Product | G10: Product Education | H10: 0 | I10: 0 | J10: 0 | K10: 69 | L10: 69 | M10: 0
A11: July | B11: Facebook | C11: Hongkong | D11: video | E11: Jul 29th 2025 | F11: Product | G11: Product Education | H11: 4 | I11: 0 | J11: 3 | K11: 29 | L11: 29 | M11: 0.13793103
A12: July | B12: Facebook | C12: Belgium | D12: video | E12: Jul 29th 2025 | F12: Product | G12: Product Education | H12: 4 | I12: 0 | J12: 1 | K12: 833 | L12: 788 | M12: 0.0050761421
A13: July | B13: Facebook | C13: Greece | D13: video | E13: Jul 29th 2025 | F13: Product | G13: Product Education | H13: 1 | I13: 0 | J13: 0 | K13: 630 | L13: 630 | M13: 0.0015873016
... A650: November | B650: Instagram | C650: Taiwan | D650: IMAGE | E650: Nov 1st 2025 | F650: unknown | G650: unknown | H650: 2 | I650: 2 | J650: 0 | K650: 21 | L650: 20 | M650: 0.1
A667: TOTAL | B667: 649 | C667: 1068580 | D667: 1646.5023 | E667: 6192544 | F667: 9179500 | G667: 783 | H667: 1014

Sheet Monthly Summary
A1: MONTHLY PERFORMANCE SUMMARY
A3: Month | B3: Posts | C3: Engagements | D3: Impressions | E3: Reach | F3: Likes | G3: Comments | H3: Avg Eng/Post | I3: ER (Eng/Imp) | J3: ER (Eng/Reach) | K3: Avg Reach by post
A4: July | B4: =COUNTIF('Cleaned Data'!A:A,"*July*") -> 145 | C4: =SUMIF('Cleaned Data'!A:A,"*July*",'Cleaned Data'!H:H) -> 107491 | D4: =SUMIF('Cleaned Data'!A:A,"*July*",'Cleaned Data'!K:K) -> 801497 | E4: =SUMIF('Cleaned Data'!A:A,"*July*",'Cleaned Data'!L:L) -> 783903 | F4: =SUMIF('Cleaned Data'!A:A,"*July*",'Cleaned Data'!J:J) -> 91 | G4: =SUMIF('Cleaned Data'!A:A,"*July*",'Cleaned Data'!I:I) -> 217 | H4: =IFERROR(C4/B4,0) -> 741.31724 | I4: =IFERROR(C4/D4,0) -> 0.13411279 | J4: =IFERROR(C4/E4,0) -> 0.13712283 | K4: =E4/B4 -> 5406.2276
A5: August | B5: =COUNTIF('Cleaned Data'!A:A,"*August*") -> 116 | C5: =SUMIF('Cleaned Data'!A:A,"*August*",'Cleaned Data'!H:H) -> 209361 | D5: =SUMIF('Cleaned Data'!A:A,"*August*",'Cleaned Data'!K:K) -> 2611487 | E5: =SUMIF('Cleaned Data'!A:A,"*August*",'Cleaned Data'!L:L) -> 2340597 | F5: =SUMIF('Cleaned Data'!A:A,"*August*",'Cleaned Data'!J:J) -> 180 | G5: =SUMIF('Cleaned Data'!A:A,"*August*",'Cleaned Data'!I:I) -> 186 | H5: =IFERROR(C5/B5,0) -> 1804.8362 | I5: =IFERROR(C5/D5,0) -> 0.080169268 | J5: =IFERROR(C5/E5,0) -> 0.089447692 | K5: =E5/B5 -> 20177.56
A6: September | B6: =COUNTIF('Cleaned Data'!A:A,"*September*") -> 121 | C6: =SUMIF('Cleaned Data'!A:A,"*September*",'Cleaned Data'!H:H) -> 585696 | D6: =SUMIF('Cleaned Data'!A:A,"*September*",'Cleaned Data'!K:K) -> 1997128 | E6: =SUMIF('Cleaned Data'!A:A,"*September*",'Cleaned Data'!L:L) -> 1983814 | F6: =SUMIF('Cleaned Data'!A:A,"*September*",'Cleaned Data'!J:J) -> 79 | G6: =SUMIF('Cleaned Data'!A:A,"*September*",'Cleaned Data'!I:I) -> 183 | H6: =IFERROR(C6/B6,0) -> 4840.4628 | I6: =IFERROR(C6/D6,0) -> 0.29326913 | J6: =IFERROR(C6/E6,0) -> 0.29523736 | K6: =E6/B6 -> 16395.157
A7: October | B7: =COUNTIF('Cleaned Data'!A:A,"*October*") -> 134 | C7: =SUMIF('Cleaned Data'!A:A,"*October*",'Cleaned Data'!H:H) -> 450 | D7: =SUMIF('Cleaned Data'!A:A,"*October*",'Cleaned Data'!K:K) -> 15047 | E7: =SUMIF('Cleaned Data'!A:A,"*October*",'Cleaned Data'!L:L) -> 14573 | F7: =SUMIF('Cleaned Data'!A:A,"*October*",'Cleaned Data'!J:J) -> 68 | G7: =SUMIF('Cleaned Data'!A:A,"*October*",'Cleaned Data'!I:I) -> 239 | H7: =IFERROR(C7/B7,0) -> 3.358209 | I7: =IFERROR(C7/D7,0) -> 0.029906294 | J7: =IFERROR(C7/E7,0) -> 0.030879023 | K7: =E7/B7 -> 108.75373
A8: November | B8: =COUNTIF('Cleaned Data'!A:A,"*November*") -> 133 | C8: =SUMIF('Cleaned Data'!A:A,"*November*",'Cleaned Data'!H:H) -> 165582 | D8: =SUMIF('Cleaned Data'!A:A,"*November*",'Cleaned Data'!K:K) -> 3754341 | E8: =SUMIF('Cleaned Data'!A:A,"*November*",'Cleaned Data'!L:L) -> 1069657 | F8: =SUMIF('Cleaned Data'!A:A,"*November*",'Cleaned Data'!J:J) -> 365 | G8: =SUMIF('Cleaned Data'!A:A,"*November*",'Cleaned Data'!I:I) -> 189 | H8: =IFERROR(C8/B8,0) -> 1244.9774 | I8: =IFERROR(C8/D8,0) -> 0.044104145 | J8: =IFERROR(C8/E8,0) -> 0.15479916 | K8: =E8/B8 -> 8042.5338
A9: TOTAL | B9: =SUM(B4:B8) -> 649 | C9: =SUM(C4:C8) -> 1068580 | D9: =SUM(D4:D8) -> 9179500 | E9: =SUM(E4:E8) -> 6192544 | F9: =SUM(F4:F8) -> 783 | G9: =SUM(G4:G8) -> 1014 | H9: =IFERROR(C9/B9,0) -> 1646.5023 | I9: =IFERROR(C9/D9,0) -> 0.11640939 | J9: =IFERROR(C9/E9,0) -> 0.17255913 | K9: =E9/B9 -> 9541.6703
A11: MONTH-ON-MONTH GROWTH
A12: Period | B12: Eng Growth % | C12: Imp Growth % | D12: Reach Growth %
A13: Jul→Aug | B13: =IFERROR((C5-C4)/C4,0) -> 0.94770725 | C13: =IFERROR((D5-D4)/D4,0) -> 2.2582617 | D13: =IFERROR((E5-E4)/E4,0) -> 1.9858248
A14: Aug→Sep | B14: =IFERROR((C6-C5)/C5,0) -> 1.7975411 | C14: =IFERROR((D6-D5)/D5,0) -> -0.23525256 | D14: =IFERROR((E6-E5)/E5,0) -> -0.15243248
A15: Sep→Oct | B15: =IFERROR((C7-C6)/C6,0) -> -0.99923168 | C15: =IFERROR((D7-D6)/D6,0) -> -0.99246568 | D15: =IFERROR((E7-E6)/E6,0) -> -0.99265405
A16: Oct→Nov | B16: =IFERROR((C8-C7)/C7,0) -> 366.96 | C16: =IFERROR((D8-D7)/D7,0) -> 248.50761 | D16: =IFERROR((E8-E7)/E7,0) -> 72.399918
A29: Month | B29: Avg Engagement Rate (Eng/Reach)
A30: July | B30: 0.137
A31: August | B31: 0.089
A32: September | B32: 0.295
A33: October | B33: 0.031
A34: November | B34: 0.155
A35: Overall Avg | B35: 0.173

Sheet Channel Analysis
A1: CHANNEL PERFORMANCE COMPARISON
A3: Channel | B3: Posts | C3: Engagements | D3: Impressions | E3: Reach | F3: Likes | G3: Comments | H3: Avg Eng/Post | I3: ER (Eng/Imp) | J3: Avg Reach/Post
A4: Facebook | B4: =COUNTIF('Cleaned Data'!B:B,"Facebook") -> 335 | C4: =SUMIF('Cleaned Data'!B:B,"Facebook",'Cleaned Data'!H:H) -> 1067556 | D4: =SUMIF('Cleaned Data'!B:B,"Facebook",'Cleaned Data'!K:K) -> 9167941 | E4: =SUMIF('Cleaned Data'!B:B,"Facebook",'Cleaned Data'!L:L) -> 6181114 | F4: =SUMIF('Cleaned Data'!B:B,"Facebook",'Cleaned Data'!J:J) -> 773 | G4: =SUMIF('Cleaned Data'!B:B,"Facebook",'Cleaned Data'!I:I) -> 15 | H4: =IFERROR(C4/B4,0) -> 3186.7343 | I4: =IFERROR(C4/D4,0) -> 0.11644447 | J4: =IFERROR(E4/B4,0) -> 18451.087
A5: Instagram | B5: =COUNTIF('Cleaned Data'!B:B,"Instagram") -> 314 | C5: =SUMIF('Cleaned Data'!B:B,"Instagram",'Cleaned Data'!H:H) -> 1024 | D5: =SUMIF('Cleaned Data'!B:B,"Instagram",'Cleaned Data'!K:K) -> 11559 | E5: =SUMIF('Cleaned Data'!B:B,"Instagram",'Cleaned Data'!L:L) -> 11430 | F5: =SUMIF('Cleaned Data'!B:B,"Instagram",'Cleaned Data'!J:J) -> 10 | G5: =SUMIF('Cleaned Data'!B:B,"Instagram",'Cleaned Data'!I:I) -> 999 | H5: =IFERROR(C5/B5,0) -> 3.2611465 | I5: =IFERROR(C5/D5,0) -> 0.088588978 | J5: =IFERROR(E5/B5,0) -> 36.401274
A8: CHANNEL × MONTH BREAKDOWN (Engagements)
A9: Month | B9: Facebook | C9: Instagram | D9: Total | E9: FB Share %
A10: July | B10: =SUMIFS('Cleaned Data'!H:H,'Cleaned Data'!A:A,"*July*",'Cleaned Data'!B:B,"Facebook") -> 107278 | C10: =SUMIFS('Cleaned Data'!H:H,'Cleaned Data'!A:A,"*July*",'Cleaned Data'!B:B,"Instagram") -> 213 | D10: =B10+C10 -> 107491 | E10: =IFERROR(B10/D10,0) -> 0.99801844
A11: August | B11: =SUMIFS('Cleaned Data'!H:H,'Cleaned Data'!A:A,"*August*",'Cleaned Data'!B:B,"Facebook") -> 209171 | C11: =SUMIFS('Cleaned Data'!H:H,'Cleaned Data'!A:A,"*August*",'Cleaned Data'!B:B,"Instagram") -> 190 | D11: =B11+C11 -> 209361 | E11: =IFERROR(B11/D11,0) -> 0.99909248
A12: September | B12: =SUMIFS('Cleaned Data'!H:H,'Cleaned Data'!A:A,"*September*",'Cleaned Data'!B:B,"Facebook") -> 585509 | C12: =SUMIFS('Cleaned Data'!H:H,'Cleaned Data'!A:A,"*September*",'Cleaned Data'!B:B,"Instagram") -> 187 | D12: =B12+C12 -> 585696 | E12: =IFERROR(B12/D12,0) -> 0.99968072
A13: October | B13: =SUMIFS('Cleaned Data'!H:H,'Cleaned Data'!A:A,"*October*",'Cleaned Data'!B:B,"Facebook") -> 205 | C13: =SUMIFS('Cleaned Data'!H:H,'Cleaned Data'!A:A,"*October*",'Cleaned Data'!B:B,"Instagram") -> 245 | D13: =B13+C13 -> 450 | E13: =IFERROR(B13/D13,0) -> 0.45555556
A14: November | B14: =SUMIFS('Cleaned Data'!H:H,'Cleaned Data'!A:A,"*November*",'Cleaned Data'!B:B,"Facebook") -> 165393 | C14: =SUMIFS('Cleaned Data'!H:H,'Cleaned Data'!A:A,"*November*",'Cleaned Data'!B:B,"Instagram") -> 189 | D14: =B14+C14 -> 165582 | E14: =IFERROR(B14/D14,0) -> 0.99885857
A17: Channel | B17: Avg Engagement Rate
A18: Facebook | B18: =IFERROR(C4/B4,0) -> 3186.7343 | C18: 0.1727
A19: Instagram | B19: =IFERROR(C5/B5,0) -> 3.2611465 | C19: 0.0896

Sheet Pillar Analysis
A1: MASTER PILLAR PERFORMANCE ANALYSIS
A2: Master Pillar | B2: Posts | C2: Total Engagements | D2: Total Reach | E2: Avg Eng/Post | F2: Avg Reach/Post | G2: Avg ER (%) | H2: % of Total Eng | I2: Avg engagement rate
A3: Product Education | B3: 202 | C3: 893797 | D3: 4923133 | E3: =C3/B3 -> 4424.7376 | F3: =D3/B3 -> 24371.946 | G3: =C3/D3 -> 0.18155045 | H3: =C3/C14 -> 0.83660501 | I3: =(C3/D3)*100 -> 18.155045
A4: Campaign | B4: 8 | C4: 150829 | D4: 979218 | E4: =C4/B4 -> 18853.625 | F4: =D4/B4 -> 122402.25 | G4: =C4/D4 -> 0.15403005 | H4: =C4/C14 -> 0.1411778 | I4: =(C4/D4)*100 -> 15.403005
A5: Giveaway Promotion | B5: 15 | C5: 8235 | D5: 164527 | E5: =C5/B5 -> 549 | F5: =D5/B5 -> 10968.467 | G5: =C5/D5 -> 0.050052575 | H5: =C5/C14 -> 0.0077080615 | I5: =(C5/D5)*100 -> 5.0052575
A6: Agile | B6: 186 | C6: 14939 | D6: 102225 | E6: =C6/B6 -> 80.317204 | F6: =D6/B6 -> 549.59677 | G6: =C6/D6 -> 0.14613842 | H6: =C6/C14 -> 0.013983088 | I6: =(C6/D6)*100 -> 14.613842
A7: Product Feature | B7: 66 | C7: 233 | D7: 8378 | E7: =C7/B7 -> 3.530303 | F7: =D7/B7 -> 126.93939 | G7: =C7/D7 -> 0.027810933 | H7: =C7/C14 -> 0.00021809087 | I7: =(C7/D7)*100 -> 2.7810933
A8: Product | B8: 39 | C8: 156 | D8: 5727 | E8: =C8/B8 -> 4 | F8: =D8/B8 -> 146.84615 | G8: =C8/D8 -> 0.027239392 | H8: =C8/C14 -> 0.00014601792 | I8: =(C8/D8)*100 -> 2.7239392
A9: Bousai Education | B9: 12 | C9: 40 | D9: 272 | E9: =C9/B9 -> 3.3333333 | F9: =D9/B9 -> 22.666667 | G9: =C9/D9 -> 0.14705882 | H9: =C9/C14 -> 3.7440493e-05 | I9: =(C9/D9)*100 -> 14.705882
A10: Awareness | B10: 21 | C10: 54 | D10: 2800 | E10: =C10/B10 -> 2.5714286 | F10: =D10/B10 -> 133.33333 | G10: =C10/D10 -> 0.019285714 | H10: =C10/C14 -> 5.0544666e-05 | I10: =(C10/D10)*100 -> 1.9285714
A11: Seasonal | B11: 21 | C11: 56 | D11: 2505 | E11: =C11/B11 -> 2.6666667 | F11: =D11/B11 -> 119.28571 | G11: =C11/D11 -> 0.022355289 | H11: =C11/C14 -> 5.241669e-05 | I11: =(C11/D11)*100 -> 2.2355289
A12: Influencer Repost | B12: 3 | C12: 23 | D12: 101 | E12: =C12/B12 -> 7.6666667 | F12: =D12/B12 -> 33.666667 | G12: =C12/D12 -> 0.22772277 | H12: =C12/C14 -> 2.1528283e-05 | I12: =(C12/D12)*100 -> 22.772277
A13: Unknown | B13: 0 | C13: 0 | D13: 0 | E13: 0 | F13: 0 | G13: 0 | H13: 0 | I13: 0
A14: TOTAL | B14: =SUM(B3:B13) -> 573 | C14: =SUM(C3:C13) -> 1068362 | D14: =SUM(D3:D13) -> 6188886 | E14: =C14/B14 -> 1864.5061 | F14: =D14/B14 -> 10800.848 | G14: =C14/D14 -> 0.1726259 | H14: =SUM(H3:H13) -> 1
A17: Master Pillar | B17: Avg Engagement Rate (%)
A18: Product Education | B18: 0.1815
A19: Campaign | B19: 0.154
A20: Giveaway Promotion | B20: 0.0501
A21: Agile | B21: 0.1461
A22: Product Feature | B22: 0.0278
A23: Product | B23: 0.0272
A24: Bousai Education | B24: 0.1471
A25: Awareness | B25: 0.0193
A26: Seasonal | B26: 0.0223
A27: Influencer Repost | B27: 0.2277
A28: Unknown | B28: 0

Sheet outlier campaign pillar
A2: ⚠ 8 Campaign posts averaged 18,854 eng/post — 4× higher than Product Education, the next-best pillar
A3: Content Pillar | B3: Posts | C3: Total Eng | D3: Avg Eng/Post | E3: Avg ER %
A4: Campaign | B4: =IFERROR(VLOOKUP(A4,'Pillar Analysis'!$A:$B,2,0),0) -> 8 | C4: =IFERROR(VLOOKUP(A4,'Pillar Analysis'!$A:$C,3,0),0) -> 150829 | D4: =IFERROR(C4/B4,0) -> 18853.625 | E4: =IFERROR(VLOOKUP(A4,'Pillar Analysis'!$A:$G,7,0),0) -> 0.15403005
A5: Product Education | B5: =IFERROR(VLOOKUP(A5,'Pillar Analysis'!$A:$B,2,0),0) -> 202 | C5: =IFERROR(VLOOKUP(A5,'Pillar Analysis'!$A:$C,3,0),0) -> 893797 | D5: =IFERROR(C5/B5,0) -> 4424.7376 | E5: =IFERROR(VLOOKUP(A5,'Pillar Analysis'!$A:$G,7,0),0) -> 0.18155045
A6: Giveaway Promotion | B6: =IFERROR(VLOOKUP(A6,'Pillar Analysis'!$A:$B,2,0),0) -> 15 | C6: =IFERROR(VLOOKUP(A6,'Pillar Analysis'!$A:$C,3,0),0) -> 8235 | D6: =IFERROR(C6/B6,0) -> 549 | E6: =IFERROR(VLOOKUP(A6,'Pillar Analysis'!$A:$G,7,0),0) -> 0.050052575
A7: Agile | B7: =IFERROR(VLOOKUP(A7,'Pillar Analysis'!$A:$B,2,0),0) -> 186 | C7: =IFERROR(VLOOKUP(A7,'Pillar Analysis'!$A:$C,3,0),0) -> 14939 | D7: =IFERROR(C7/B7,0) -> 80.317204 | E7: =IFERROR(VLOOKUP(A7,'Pillar Analysis'!$A:$G,7,0),0) -> 0.14613842
A8: Influencer Repost | B8: =IFERROR(VLOOKUP(A8,'Pillar Analysis'!$A:$B,2,0),0) -> 3 | C8: =IFERROR(VLOOKUP(A8,'Pillar Analysis'!$A:$C,3,0),0) -> 23 | D8: =IFERROR(C8/B8,0) -> 7.6666667 | E8: =IFERROR(VLOOKUP(A8,'Pillar Analysis'!$A:$G,7,0),0) -> 0.22772277
A9: Product | B9: =IFERROR(VLOOKUP(A9,'Pillar Analysis'!$A:$B,2,0),0) -> 39 | C9: =IFERROR(VLOOKUP(A9,'Pillar Analysis'!$A:$C,3,0),0) -> 156 | D9: =IFERROR(C9/B9,0) -> 4 | E9: =IFERROR(VLOOKUP(A9,'Pillar Analysis'!$A:$G,7,0),0) -> 0.027239392
A10: Product Feature | B10: =IFERROR(VLOOKUP(A10,'Pillar Analysis'!$A:$B,2,0),0) -> 66 | C10: =IFERROR(VLOOKUP(A10,'Pillar Analysis'!$A:$C,3,0),0) -> 233 | D10: =IFERROR(C10/B10,0) -> 3.530303 | E10: =IFERROR(VLOOKUP(A10,'Pillar Analysis'!$A:$G,7,0),0) -> 0.027810933
A11: Bousai Education | B11: =IFERROR(VLOOKUP(A11,'Pillar Analysis'!$A:$B,2,0),0) -> 12 | C11: =IFERROR(VLOOKUP(A11,'Pillar Analysis'!$A:$C,3,0),0) -> 40 | D11: =IFERROR(C11/B11,0) -> 3.3333333 | E11: =IFERROR(VLOOKUP(A11,'Pillar Analysis'!$A:$G,7,0),0) -> 0.14705882
A12: CSR & Community | B12: =IFERROR(VLOOKUP(A12,'Pillar Analysis'!$A:$B,2,0),0) -> 0 | C12: =IFERROR(VLOOKUP(A12,'Pillar Analysis'!$A:$C,3,0),0) -> 0 | D12: =IFERROR(C12/B12,0) -> 0 | E12: =IFERROR(VLOOKUP(A12,'Pillar Analysis'!$A:$G,7,0),0) -> 0
A13: Unknown | B13: =IFERROR(VLOOKUP(A13,'Pillar Analysis'!$A:$B,2,0),0) -> 0 | C13: =IFERROR(VLOOKUP(A13,'Pillar Analysis'!$A:$C,3,0),0) -> 0 | D13: =IFERROR(C13/B13,0) -> 0 | E13: =IFERROR(VLOOKUP(A13,'Pillar Analysis'!$A:$G,7,0),0) -> 0
A14: Seasonal | B14: {=IFERROR(VLOOKUP(A14,'Pillar Analysis'!$A:$B,2,0),'Pillar Analysis'!$A:$B)} -> 21 | C14: =IFERROR(VLOOKUP(A14,'Pillar Analysis'!$A:$C,3,0),0) -> 56 | D14: =IFERROR(C14/B14,0) -> 2.6666667 | E14: =IFERROR(VLOOKUP(A14,'Pillar Analysis'!$A:$G,7,0),0) -> 0.022355289

Sheet pillar outlier
A1: CONTENT PILLAR PERFORMANCE SUMMARY
A2: Content Pillar | B2: Posts | C2: Total Eng | D2: Avg Eng/Post | E2: Avg ER (%) | F2: Performance
A3: Campaign | B3: =IFERROR(VLOOKUP(A3,'Pillar Analysis'!$A$3:$D$13,2,0),0) -> 8 | C3: =IFERROR(VLOOKUP(A3,'Pillar Analysis'!$A$3:$D$13,3,0),0) -> 150829 | D3: =IF(B3=0,0,C3/B3) -> 18853.625 | E3: =IFERROR(VLOOKUP(A3,'Pillar Analysis'!$A$3:$G$13,7,0),0) -> 0.15403005 | F3: =IF(B3=0,"✘ Weak",IF(E3>=AVERAGE($E$3:$E$13),"✔ Strong","✘ Weak")) -> ✔ Strong
A4: Product Education | B4: =IFERROR(VLOOKUP(A4,'Pillar Analysis'!$A$3:$D$13,2,0),0) -> 202 | C4: =IFERROR(VLOOKUP(A4,'Pillar Analysis'!$A$3:$D$13,3,0),0) -> 893797 | D4: =IF(B4=0,0,C4/B4) -> 4424.7376 | E4: =IFERROR(VLOOKUP(A4,'Pillar Analysis'!$A$3:$G$13,7,0),0) -> 0.18155045 | F4: =IF(B4=0,"✘ Weak",IF(E4>=AVERAGE($E$3:$E$13),"✔ Strong","✘ Weak")) -> ✔ Strong
A5: Giveaway Promotion | B5: =IFERROR(VLOOKUP(A5,'Pillar Analysis'!$A$3:$D$13,2,0),0) -> 15 | C5: =IFERROR(VLOOKUP(A5,'Pillar Analysis'!$A$3:$D$13,3,0),0) -> 8235 | D5: =IF(B5=0,0,C5/B5) -> 549 | E5: =IFERROR(VLOOKUP(A5,'Pillar Analysis'!$A$3:$G$13,7,0),0) -> 0.050052575 | F5: =IF(B5=0,"✘ Weak",IF(E5>=AVERAGE($E$3:$E$13),"✔ Strong","✘ Weak")) -> ✘ Weak
A6: Agile | B6: =IFERROR(VLOOKUP(A6,'Pillar Analysis'!$A$3:$D$13,2,0),0) -> 186 | C6: =IFERROR(VLOOKUP(A6,'Pillar Analysis'!$A$3:$D$13,3,0),0) -> 14939 | D6: =IF(B6=0,0,C6/B6) -> 80.317204 | E6: =IFERROR(VLOOKUP(A6,'Pillar Analysis'!$A$3:$G$13,7,0),0) -> 0.14613842 | F6: =IF(B6=0,"✘ Weak",IF(E6>=AVERAGE($E$3:$E$13),"✔ Strong","✘ Weak")) -> ✔ Strong
A7: Influencer Repost | B7: =IFERROR(VLOOKUP(A7,'Pillar Analysis'!$A$3:$D$13,2,0),0) -> 3 | C7: =IFERROR(VLOOKUP(A7,'Pillar Analysis'!$A$3:$D$13,3,0),0) -> 23 | D7: =IF(B7=0,0,C7/B7) -> 7.6666667 | E7: =IFERROR(VLOOKUP(A7,'Pillar Analysis'!$A$3:$G$13,7,0),0) -> 0.22772277 | F7: =IF(B7=0,"✘ Weak",IF(E7>=AVERAGE($E$3:$E$13),"✔ Strong","✘ Weak")) -> ✔ Strong
A8: Product | B8: =IFERROR(VLOOKUP(A8,'Pillar Analysis'!$A$3:$D$13,2,0),0) -> 39 | C8: =IFERROR(VLOOKUP(A8,'Pillar Analysis'!$A$3:$D$13,3,0),0) -> 156 | D8: =IF(B8=0,0,C8/B8) -> 4 | E8: =IFERROR(VLOOKUP(A8,'Pillar Analysis'!$A$3:$G$13,7,0),0) -> 0.027239392 | F8: =IF(B8=0,"✘ Weak",IF(E8>=AVERAGE($E$3:$E$13),"✔ Strong","✘ Weak")) -> ✘ Weak
A9: Product Feature | B9: =IFERROR(VLOOKUP(A9,'Pillar Analysis'!$A$3:$D$13,2,0),0) -> 66 | C9: =IFERROR(VLOOKUP(A9,'Pillar Analysis'!$A$3:$D$13,3,0),0) -> 233 | D9: =IF(B9=0,0,C9/B9) -> 3.530303 | E9: =IFERROR(VLOOKUP(A9,'Pillar Analysis'!$A$3:$G$13,7,0),0) -> 0.027810933 | F9: =IF(B9=0,"✘ Weak",IF(E9>=AVERAGE($E$3:$E$13),"✔ Strong","✘ Weak")) -> ✘ Weak
A10: Bousai Education | B10: =IFERROR(VLOOKUP(A10,'Pillar Analysis'!$A$3:$D$13,2,0),0) -> 12 | C10: =IFERROR(VLOOKUP(A10,'Pillar Analysis'!$A$3:$D$13,3,0),0) -> 40 | D10: =IF(B10=0,0,C10/B10) -> 3.3333333 | E10: =IFERROR(VLOOKUP(A10,'Pillar Analysis'!$A$3:$G$13,7,0),0) -> 0.14705882 | F10: =IF(B10=0,"✘ Weak",IF(E10>=AVERAGE($E$3:$E$13),"✔ Strong","✘ Weak")) -> ✔ Strong
A11: CSR & Community | B11: =IFERROR(VLOOKUP(A11,'Pillar Analysis'!$A$3:$D$13,2,0),0) -> 0 | C11: =IFERROR(VLOOKUP(A11,'Pillar Analysis'!$A$3:$D$13,3,0),0) -> 0 | D11: =IF(B11=0,0,C11/B11) -> 0 | E11: =IFERROR(VLOOKUP(A11,'Pillar Analysis'!$A$3:$G$13,7,0),0) -> 0 | F11: =IF(B11=0,"✘ Weak",IF(E11>=AVERAGE($E$3:$E$13),"✔ Strong","✘ Weak")) -> ✘ Weak
A12: Unknown | B12: =IFERROR(VLOOKUP(A12,'Pillar Analysis'!$A$3:$D$13,2,0),0) -> 0 | C12: =IFERROR(VLOOKUP(A12,'Pillar Analysis'!$A$3:$D$13,3,0),0) -> 0 | D12: =IF(B12=0,0,C12/B12) -> 0 | E12: =IFERROR(VLOOKUP(A12,'Pillar Analysis'!$A$3:$G$13,7,0),0) -> 0 | F12: =IF(B12=0,"✘ Weak",IF(E12>=AVERAGE($E$3:$E$13),"✔ Strong","✘ Weak")) -> ✘ Weak
A13: Seasonal | B13: =IFERROR(VLOOKUP(A13,'Pillar Analysis'!$A$3:$D$13,2,0),0) -> 21 | C13: =IFERROR(VLOOKUP(A13,'Pillar Analysis'!$A$3:$D$13,3,0),0) -> 56 | D13: =IF(B13=0,0,C13/B13) -> 2.6666667 | E13: =IFERROR(VLOOKUP(A13,'Pillar Analysis'!$A$3:$G$13,7,0),0) -> 0.022355289 | F13: =IF(B13=0,"✘ Weak",IF(E13>=AVERAGE($E$3:$E$13),"✔ Strong","✘ Weak")) -> ✘ Weak
A14: TOTAL | B14: =SUM(B3:B13) -> 552 | C14: =SUM(C3:C13) -> 1068308 | D14: =IF(B14=0,0,C14/B14) -> 1935.3406 | E14: =IFERROR(C14/VLOOKUP("TOTAL",'Pillar Analysis'!$A$3:$D$14,4,0),AVERAGE(E3:E13)) -> 0.17261717

Sheet Format Analysis
A1: CONTENT FORMAT PERFORMANCE
A3: Format | B3: Posts | C3: Total Eng | D3: Avg Eng/Post | E3: Total Imp | F3: Avg Reach/Post | G3: Likes | H3: Comments | I3: ER (Eng/Imp) | J3: % of Posts
A4: Video | B4: =COUNTIF('Cleaned Data'!D:D,"video") -> 631 | C4: =SUMIF('Cleaned Data'!D:D,"video",'Cleaned Data'!H:H) -> 1066499 | D4: =IFERROR(C4/B4,0) -> 1690.1727 | E4: =SUMIF('Cleaned Data'!D:D,"video",'Cleaned Data'!K:K) -> 8981393 | F4: =IFERROR(SUMIF('Cleaned Data'!D:D,"video",'Cleaned Data'!L:L)/B4,0) -> 9602.8019 | G4: =SUMIF('Cleaned Data'!D:D,"video",'Cleaned Data'!J:J) -> 774 | H4: =SUMIF('Cleaned Data'!D:D,"video",'Cleaned Data'!I:I) -> 966 | I4: =IFERROR(C4/E4,0) -> 0.11874539 | J4: =IFERROR(B4/SUM(B4:B6),0) -> 0.97376543
A5: Album | B5: =COUNTIF('Cleaned Data'!D:D,"album") -> 15 | C5: =SUMIF('Cleaned Data'!D:D,"album",'Cleaned Data'!H:H) -> 76 | D5: =IFERROR(C5/B5,0) -> 5.0666667 | E5: =SUMIF('Cleaned Data'!D:D,"album",'Cleaned Data'!K:K) -> 5280 | F5: =IFERROR(SUMIF('Cleaned Data'!D:D,"album",'Cleaned Data'!L:L)/B5,0) -> 283.33333 | G5: =SUMIF('Cleaned Data'!D:D,"album",'Cleaned Data'!J:J) -> 4 | H5: =SUMIF('Cleaned Data'!D:D,"album",'Cleaned Data'!I:I) -> 45 | I5: =IFERROR(C5/E5,0) -> 0.014393939 | J5: =IFERROR(B5/SUM(B4:B6),0) -> 0.023148148
A6: Photo | B6: =COUNTIF('Cleaned Data'!D:D,"photo") -> 2 | C6: =SUMIF('Cleaned Data'!D:D,"photo",'Cleaned Data'!H:H) -> 2003 | D6: =IFERROR(C6/B6,0) -> 1001.5 | E6: =SUMIF('Cleaned Data'!D:D,"photo",'Cleaned Data'!K:K) -> 192806 | F6: =IFERROR(SUMIF('Cleaned Data'!D:D,"photo",'Cleaned Data'!L:L)/B6,0) -> 64453 | G6: =SUMIF('Cleaned Data'!D:D,"photo",'Cleaned Data'!J:J) -> 5 | H6: =SUMIF('Cleaned Data'!D:D,"photo",'Cleaned Data'!I:I) -> 1 | I6: =IFERROR(C6/E6,0) -> 0.010388681 | J6: =IFERROR(B6/SUM(B4:B6),0) -> 0.0030864198
A9: FORMAT × CHANNEL (Avg Eng/Post)
A10: Format | B10: Facebook | C10: Instagram | D10: Total
A11: Video | B11: =IFERROR(SUMIFS(DATA!$H:$H,DATA!$D:$D,"video",DATA!$B:$B,"Facebook")/COUNTIFS(DATA!$D:$D,"video",DATA!$B:$B,"Facebook"),0) -> 3278.5354 | C11: =IFERROR(SUMIFS(DATA!$H:$H,DATA!$D:$D,"video",DATA!$B:$B,"Instagram")/COUNTIFS(DATA!$D:$D,"video",DATA!$B:$B,"Instagram"),0) -> 3.1862745 | D11: =IFERROR(C4/B4,0) -> 1690.1727
A12: Album | B12: =IFERROR(SUMIFS(DATA!$H:$H,DATA!$D:$D,"album",DATA!$B:$B,"Facebook")/COUNTIFS(DATA!$D:$D,"album",DATA!$B:$B,"Facebook"),0) -> 3.625 | C12: =IFERROR(SUMIFS(DATA!$H:$H,DATA!$D:$D,"album",DATA!$B:$B,"Instagram")/COUNTIFS(DATA!$D:$D,"album",DATA!$B:$B,"Instagram"),0) -> 6.7142857 | D12: =IFERROR(C5/B5,0) -> 5.0666667
A13: Photo | B13: =IFERROR(SUMIFS(DATA!$H:$H,DATA!$D:$D,"photo",DATA!$B:$B,"Facebook")/COUNTIFS(DATA!$D:$D,"photo",DATA!$B:$B,"Facebook"),0) -> 1001.5 | C13: =IFERROR(SUMIFS(DATA!$H:$H,DATA!$D:$D,"photo",DATA!$B:$B,"Instagram")/COUNTIFS(DATA!$D:$D,"photo",DATA!$B:$B,"Instagram"),0) -> 0 | D13: =IFERROR(C6/B6,0) -> 1001.5
A16: FORMAT × MONTH (Avg Eng/Post)
A17: Format | B17: July | C17: August | D17: September | E17: October | F17: November
A18: Video | B18: =IFERROR(SUMIFS(DATA!$H:$H,DATA!$D:$D,"video",DATA!$A:$A,"*July*")/COUNTIFS(DATA!$D:$D,"video",DATA!$A:$A,"*July*"),0) -> 767.65 | C18: =IFERROR(SUMIFS(DATA!$H:$H,DATA!$D:$D,"video",DATA!$A:$A,"*August*")/COUNTIFS(DATA!$D:$D,"video",DATA!$A:$A,"*August*"),0) -> 1902.9364 | D18: =IFERROR(SUMIFS(DATA!$H:$H,DATA!$D:$D,"video",DATA!$A:$A,"*September*")/COUNTIFS(DATA!$D:$D,"video",DATA!$A:$A,"*September*"),0) -> 4963.4576 | E18: =IFERROR(SUMIFS(DATA!$H:$H,DATA!$D:$D,"video",DATA!$A:$A,"*October*")/COUNTIFS(DATA!$D:$D,"video",DATA!$A:$A,"*October*"),0) -> 3.358209 | F18: =IFERROR(SUMIFS(DATA!$H:$H,DATA!$D:$D,"video",DATA!$A:$A,"*November*")/COUNTIFS(DATA!$D:$D,"video",DATA!$A:$A,"*November*"),0) -> 1267.9612
A19: Album | B19: =IFERROR(SUMIFS(DATA!$H:$H,DATA!$D:$D,"album",DATA!$A:$A,"*July*")/COUNTIFS(DATA!$D:$D,"album",DATA!$A:$A,"*July*"),0) -> 4 | C19: =IFERROR(SUMIFS(DATA!$H:$H,DATA!$D:$D,"album",DATA!$A:$A,"*August*")/COUNTIFS(DATA!$D:$D,"album",DATA!$A:$A,"*August*"),0) -> 6.3333333 | D19: =IFERROR(SUMIFS(DATA!$H:$H,DATA!$D:$D,"album",DATA!$A:$A,"*September*")/COUNTIFS(DATA!$D:$D,"album",DATA!$A:$A,"*September*"),0) -> 4 | E19: =IFERROR(SUMIFS(DATA!$H:$H,DATA!$D:$D,"album",DATA!$A:$A,"*October*")/COUNTIFS(DATA!$D:$D,"album",DATA!$A:$A,"*October*"),0) -> 0 | F19: =IFERROR(SUMIFS(DATA!$H:$H,DATA!$D:$D,"album",DATA!$A:$A,"*November*")/COUNTIFS(DATA!$D:$D,"album",DATA!$A:$A,"*November*"),0) -> 5
A20: Photo | B20: =IFERROR(SUMIFS(DATA!$H:$H,DATA!$D:$D,"photo",DATA!$A:$A,"*July*")/COUNTIFS(DATA!$D:$D,"photo",DATA!$A:$A,"*July*"),0) -> 0 | C20: =IFERROR(SUMIFS(DATA!$H:$H,DATA!$D:$D,"photo",DATA!$A:$A,"*August*")/COUNTIFS(DATA!$D:$D,"photo",DATA!$A:$A,"*August*"),0) -> 0 | D20: =IFERROR(SUMIFS(DATA!$H:$H,DATA!$D:$D,"photo",DATA!$A:$A,"*September*")/COUNTIFS(DATA!$D:$D,"photo",DATA!$A:$A,"*September*"),0) -> 0 | E20: =IFERROR(SUMIFS(DATA!$H:$H,DATA!$D:$D,"photo",DATA!$A:$A,"*October*")/COUNTIFS(DATA!$D:$D,"photo",DATA!$A:$A,"*October*"),0) -> 0 | F20: =IFERROR(SUMIFS(DATA!$H:$H,DATA!$D:$D,"photo",DATA!$A:$A,"*November*")/COUNTIFS(DATA!$D:$D,"photo",DATA!$A:$A,"*November*"),0) -> 2003

Sheet Market Analysis
A1: MARKET PERFORMANCE ANALYSIS
A3: Market | B3: Posts | C3: Total Eng | D3: Avg Eng/Post | E3: Total Imp | F3: Total Reach | G3: ER (Eng/Imp) | H3: Avg Reach/Post | I3: Tier
A4: Thailand | B4: =COUNTIF('Cleaned Data'!C:C,"*"&A4&"*") -> 54 | C4: =SUMIF('Cleaned Data'!C:C,"*"&A4&"*",'Cleaned Data'!H:H) -> 459065 | D4: =IFERROR(C4/B4,0) -> 8501.2037 | E4: =SUMIF('Cleaned Data'!C:C,"*"&A4&"*",'Cleaned Data'!K:K) -> 1554292 | F4: =SUMIF('Cleaned Data'!C:C,"*"&A4&"*",'Cleaned Data'!L:L) -> 1550878 | G4: =IFERROR(C4/E4,0) -> 0.29535313 | H4: =IFERROR(F4/B4,0) -> 28719.963 | I4: =IF(D4>=5000,"Tier 1 - Star",IF(D4>=700,"Tier 2 - Solid",IF(D4>=150,"Tier 3 - Developing","Tier 4 - Low Eng"))) -> Tier 1 - Star
A5: International | B5: =COUNTIF('Cleaned Data'!C:C,"*"&A5&"*") -> 8 | C5: =SUMIF('Cleaned Data'!C:C,"*"&A5&"*",'Cleaned Data'!H:H) -> 60782 | D5: =IFERROR(C5/B5,0) -> 7597.75 | E5: =SUMIF('Cleaned Data'!C:C,"*"&A5&"*",'Cleaned Data'!K:K) -> 1484445 | F5: =SUMIF('Cleaned Data'!C:C,"*"&A5&"*",'Cleaned Data'!L:L) -> 353612 | G5: =IFERROR(C5/E5,0) -> 0.040945943 | H5: =IFERROR(F5/B5,0) -> 44201.5 | I5: =IF(D5>=5000,"Tier 1 - Star",IF(D5>=700,"Tier 2 - Solid",IF(D5>=150,"Tier 3 - Developing","Tier 4 - Low Eng"))) -> Tier 1 - Star
A6: Vietnam | B6: =COUNTIF('Cleaned Data'!C:C,"*"&A6&"*") -> 54 | C6: =SUMIF('Cleaned Data'!C:C,"*"&A6&"*",'Cleaned Data'!H:H) -> 288335 | D6: =IFERROR(C6/B6,0) -> 5339.537 | E6: =SUMIF('Cleaned Data'!C:C,"*"&A6&"*",'Cleaned Data'!K:K) -> 1494137 | F6: =SUMIF('Cleaned Data'!C:C,"*"&A6&"*",'Cleaned Data'!L:L) -> 1462037 | G6: =IFERROR(C6/E6,0) -> 0.19297762 | H6: =IFERROR(F6/B6,0) -> 27074.759 | I6: =IF(D6>=5000,"Tier 1 - Star",IF(D6>=700,"Tier 2 - Solid",IF(D6>=150,"Tier 3 - Developing","Tier 4 - Low Eng"))) -> Tier 1 - Star
A7: Taiwan | B7: =COUNTIF('Cleaned Data'!C:C,"*"&A7&"*") -> 58 | C7: =SUMIF('Cleaned Data'!C:C,"*"&A7&"*",'Cleaned Data'!H:H) -> 112605 | D7: =IFERROR(C7/B7,0) -> 1941.4655 | E7: =SUMIF('Cleaned Data'!C:C,"*"&A7&"*",'Cleaned Data'!K:K) -> 976258 | F7: =SUMIF('Cleaned Data'!C:C,"*"&A7&"*",'Cleaned Data'!L:L) -> 911746 | G7: =IFERROR(C7/E7,0) -> 0.11534349 | H7: =IFERROR(F7/B7,0) -> 15719.759 | I7: =IF(D7>=5000,"Tier 1 - Star",IF(D7>=700,"Tier 2 - Solid",IF(D7>=150,"Tier 3 - Developing","Tier 4 - Low Eng"))) -> Tier 2 - Solid
A8: Spain | B8: =COUNTIF('Cleaned Data'!C:C,"*"&A8&"*") -> 32 | C8: =SUMIF('Cleaned Data'!C:C,"*"&A8&"*",'Cleaned Data'!H:H) -> 31038 | D8: =IFERROR(C8/B8,0) -> 969.9375 | E8: =SUMIF('Cleaned Data'!C:C,"*"&A8&"*",'Cleaned Data'!K:K) -> 841042 | F8: =SUMIF('Cleaned Data'!C:C,"*"&A8&"*",'Cleaned Data'!L:L) -> 262626 | G8: =IFERROR(C8/E8,0) -> 0.036904221 | H8: =IFERROR(F8/B8,0) -> 8207.0625 | I8: =IF(D8>=5000,"Tier 1 - Star",IF(D8>=700,"Tier 2 - Solid",IF(D8>=150,"Tier 3 - Developing","Tier 4 - Low Eng"))) -> Tier 2 - Solid
A9: Hongkong | B9: =COUNTIF('Cleaned Data'!C:C,"*"&A9&"*") -> 56 | C9: =SUMIF('Cleaned Data'!C:C,"*"&A9&"*",'Cleaned Data'!H:H) -> 53786 | D9: =IFERROR(C9/B9,0) -> 960.46429 | E9: =SUMIF('Cleaned Data'!C:C,"*"&A9&"*",'Cleaned Data'!K:K) -> 518263 | F9: =SUMIF('Cleaned Data'!C:C,"*"&A9&"*",'Cleaned Data'!L:L) -> 493055 | G9: =IFERROR(C9/E9,0) -> 0.10378128 | H9: =IFERROR(F9/B9,0) -> 8804.5536 | I9: =IF(D9>=5000,"Tier 1 - Star",IF(D9>=700,"Tier 2 - Solid",IF(D9>=150,"Tier 3 - Developing","Tier 4 - Low Eng"))) -> Tier 2 - Solid
A10: Belgium | B10: =COUNTIF('Cleaned Data'!C:C,"*"&A10&"*") -> 64 | C10: =SUMIF('Cleaned Data'!C:C,"*"&A10&"*",'Cleaned Data'!H:H) -> 16963 | D10: =IFERROR(C10/B10,0) -> 265.04688 | E10: =SUMIF('Cleaned Data'!C:C,"*"&A10&"*",'Cleaned Data'!K:K) -> 508816 | F10: =SUMIF('Cleaned Data'!C:C,"*"&A10&"*",'Cleaned Data'!L:L) -> 166244 | G10: =IFERROR(C10/E10,0) -> 0.033338181 | H10: =IFERROR(F10/B10,0) -> 2597.5625 | I10: =IF(D10>=5000,"Tier 1 - Star",IF(D10>=700,"Tier 2 - Solid",IF(D10>=150,"Tier 3 - Developing","Tier 4 - Low Eng"))) -> Tier 3 - Developing
A11: Hungary | B11: =COUNTIF('Cleaned Data'!C:C,"*"&A11&"*") -> 58 | C11: =SUMIF('Cleaned Data'!C:C,"*"&A11&"*",'Cleaned Data'!H:H) -> 14906 | D11: =IFERROR(C11/B11,0) -> 257 | E11: =SUMIF('Cleaned Data'!C:C,"*"&A11&"*",'Cleaned Data'!K:K) -> 395555 | F11: =SUMIF('Cleaned Data'!C:C,"*"&A11&"*",'Cleaned Data'!L:L) -> 87971 | G11: =IFERROR(C11/E11,0) -> 0.037683761 | H11: =IFERROR(F11/B11,0) -> 1516.7414 | I11: =IF(D11>=5000,"Tier 1 - Star",IF(D11>=700,"Tier 2 - Solid",IF(D11>=150,"Tier 3 - Developing","Tier 4 - Low Eng"))) -> Tier 3 - Developing
A12: Greece | B12: =COUNTIF('Cleaned Data'!C:C,"*"&A12&"*") -> 60 | C12: =SUMIF('Cleaned Data'!C:C,"*"&A12&"*",'Cleaned Data'!H:H) -> 14459 | D12: =IFERROR(C12/B12,0) -> 240.98333 | E12: =SUMIF('Cleaned Data'!C:C,"*"&A12&"*",'Cleaned Data'!K:K) -> 397473 | F12: =SUMIF('Cleaned Data'!C:C,"*"&A12&"*",'Cleaned Data'!L:L) -> 102884 | G12: =IFERROR(C12/E12,0) -> 0.036377314 | H12: =IFERROR(F12/B12,0) -> 1714.7333 | I12: =IF(D12>=5000,"Tier 1 - Star",IF(D12>=700,"Tier 2 - Solid",IF(D12>=150,"Tier 3 - Developing","Tier 4 - Low Eng"))) -> Tier 3 - Developing
A13: Česká republika | B13: =COUNTIF('Cleaned Data'!C:C,"*"&A13&"*") -> 58 | C13: =SUMIF('Cleaned Data'!C:C,"*"&A13&"*",'Cleaned Data'!H:H) -> 10133 | D13: =IFERROR(C13/B13,0) -> 174.7069 | E13: =SUMIF('Cleaned Data'!C:C,"*"&A13&"*",'Cleaned Data'!K:K) -> 301671 | F13: =SUMIF('Cleaned Data'!C:C,"*"&A13&"*",'Cleaned Data'!L:L) -> 107337 | G13: =IFERROR(C13/E13,0) -> 0.033589573 | H13: =IFERROR(F13/B13,0) -> 1850.6379 | I13: =IF(D13>=5000,"Tier 1 - Star",IF(D13>=700,"Tier 2 - Solid",IF(D13>=150,"Tier 3 - Developing","Tier 4 - Low Eng"))) -> Tier 3 - Developing
A14: Turkey | B14: =COUNTIF('Cleaned Data'!C:C,"*"&A14&"*") -> 58 | C14: =SUMIF('Cleaned Data'!C:C,"*"&A14&"*",'Cleaned Data'!H:H) -> 5852 | D14: =IFERROR(C14/B14,0) -> 100.89655 | E14: =SUMIF('Cleaned Data'!C:C,"*"&A14&"*",'Cleaned Data'!K:K) -> 694370 | F14: =SUMIF('Cleaned Data'!C:C,"*"&A14&"*",'Cleaned Data'!L:L) -> 681188 | G14: =IFERROR(C14/E14,0) -> 0.0084277835 | H14: =IFERROR(F14/B14,0) -> 11744.621 | I14: =IF(D14>=5000,"Tier 1 - Star",IF(D14>=700,"Tier 2 - Solid",IF(D14>=150,"Tier 3 - Developing","Tier 4 - Low Eng"))) -> Tier 4 - Low Eng
A15: Middle East | B15: =COUNTIF('Cleaned Data'!C:C,"*"&A15&"*") -> 60 | C15: =SUMIF('Cleaned Data'!C:C,"*"&A15&"*",'Cleaned Data'!H:H) -> 539 | D15: =IFERROR(C15/B15,0) -> 8.9833333 | E15: =SUMIF('Cleaned Data'!C:C,"*"&A15&"*",'Cleaned Data'!K:K) -> 12408 | F15: =SUMIF('Cleaned Data'!C:C,"*"&A15&"*",'Cleaned Data'!L:L) -> 12264 | G15: =IFERROR(C15/E15,0) -> 0.043439716 | H15: =IFERROR(F15/B15,0) -> 204.4 | I15: =IF(D15>=5000,"Tier 1 - Star",IF(D15>=700,"Tier 2 - Solid",IF(D15>=150,"Tier 3 - Developing","Tier 4 - Low Eng"))) -> Tier 4 - Low Eng
A16: Japan | B16: =COUNTIF('Cleaned Data'!C:C,"*"&A16&"*") -> 29 | C16: =SUMIF('Cleaned Data'!C:C,"*"&A16&"*",'Cleaned Data'!H:H) -> 117 | D16: =IFERROR(C16/B16,0) -> 4.0344828 | E16: =SUMIF('Cleaned Data'!C:C,"*"&A16&"*",'Cleaned Data'!K:K) -> 770 | F16: =SUMIF('Cleaned Data'!C:C,"*"&A16&"*",'Cleaned Data'!L:L) -> 702 | G16: =IFERROR(C16/E16,0) -> 0.15194805 | H16: =IFERROR(F16/B16,0) -> 24.206897 | I16: =IF(D16>=5000,"Tier 1 - Star",IF(D16>=700,"Tier 2 - Solid",IF(D16>=150,"Tier 3 - Developing","Tier 4 - Low Eng"))) -> Tier 4 - Low Eng

Sheet Statistical Summary
A1: STATISTICAL & DISTRIBUTION ANALYSIS
A3: DESCRIPTIVE STATISTICS
A4: Statistic | B4: Engagements | C4: Impressions | D4: Reach | E4: ER (Eng/Imp)
A5: Count | B5: =COUNT('Cleaned Data'!$H$2:$H$650) -> 649 | C5: =COUNT('Cleaned Data'!$K$2:$K$650) -> 649 | D5: =COUNT('Cleaned Data'!$L$2:$L$650) -> 649 | E5: =COUNT('Cleaned Data'!$M$2:$M$650) -> 649
A6: Sum | B6: =SUM('Cleaned Data'!$H$2:$H$650) -> 1068580 | C6: =SUM('Cleaned Data'!$K$2:$K$650) -> 9179500 | D6: =SUM('Cleaned Data'!$L$2:$L$650) -> 6192544 | E6: =SUM('Cleaned Data'!$M$2:$M$650) -> 51.893424
A7: Mean (Average) | B7: =AVERAGE('Cleaned Data'!$H$2:$H$650) -> 1646.5023 | C7: =AVERAGE('Cleaned Data'!$K$2:$K$650) -> 14144.068 | D7: =AVERAGE('Cleaned Data'!$L$2:$L$650) -> 9541.6703 | E7: =AVERAGE('Cleaned Data'!$M$2:$M$650) -> 0.079959051
A8: Median | B8: =MEDIAN('Cleaned Data'!$H$2:$H$650) -> 2 | C8: =MEDIAN('Cleaned Data'!$K$2:$K$650) -> 37 | D8: =MEDIAN('Cleaned Data'!$L$2:$L$650) -> 35 | E8: =MEDIAN('Cleaned Data'!$M$2:$M$650) -> 0.05
A9: Std Deviation | B9: =STDEV('Cleaned Data'!$H$2:$H$650) -> 15585.877 | C9: =STDEV('Cleaned Data'!$K$2:$K$650) -> 88480.057 | D9: =STDEV('Cleaned Data'!$L$2:$L$650) -> 63547.917 | E9: =STDEV('Cleaned Data'!$M$2:$M$650) -> 0.10198034
A10: Minimum | B10: =MIN('Cleaned Data'!$H$2:$H$650) -> 0 | C10: =MIN('Cleaned Data'!$K$2:$K$650) -> 0 | D10: =MIN('Cleaned Data'!$L$2:$L$650) -> 0 | E10: =MIN('Cleaned Data'!$M$2:$M$650) -> 0
A11: Maximum | B11: =MAX('Cleaned Data'!$H$2:$H$650) -> 310752 | C11: =MAX('Cleaned Data'!$K$2:$K$650) -> 1285017 | D11: =MAX('Cleaned Data'!$L$2:$L$650) -> 781817 | E11: =MAX('Cleaned Data'!$M$2:$M$650) -> 1

Sheet Anomaly Detection
A1: OCTOBER ANOMALY DEEP-DIVE
A3: SEPTEMBER vs OCTOBER COMPARISON
A4: Metric | B4: September | C4: October | D4: Change | E4: % Change | F4: Flag
A5: Total Posts | B5: =COUNTIF('Cleaned Data'!A:A,"*September*") -> 121 | C5: =COUNTIF('Cleaned Data'!A:A,"*October*") -> 134 | D5: =C5-B5 -> 13 | E5: =IFERROR((C5-B5)/B5,0) -> 0.10743802 | F5: =IF(ABS(E5)>0.5,"⚠ ANOMALY","Normal") -> Normal
A6: Total Engagements | B6: =SUMIF('Cleaned Data'!A:A,"*September*",'Cleaned Data'!H:H) -> 585696 | C6: =SUMIF('Cleaned Data'!A:A,"*October*",'Cleaned Data'!H:H) -> 450 | D6: =C6-B6 -> -585246 | E6: =IFERROR((C6-B6)/B6,0) -> -0.99923168 | F6: =IF(ABS(E6)>0.5,"⚠ ANOMALY","Normal") -> ⚠ ANOMALY
A7: FB Engagements | B7: =SUMIFS('Cleaned Data'!H:H,'Cleaned Data'!A:A,"*September*",'Cleaned Data'!B:B,"Facebook") -> 585509 | C7: =SUMIFS('Cleaned Data'!H:H,'Cleaned Data'!A:A,"*October*",'Cleaned Data'!B:B,"Facebook") -> 205 | D7: =C7-B7 -> -585304 | E7: =IFERROR((C7-B7)/B7,0) -> -0.99964988 | F7: =IF(ABS(E7)>0.5,"⚠ ANOMALY","Normal") -> ⚠ ANOMALY
A8: IG Engagements | B8: =SUMIFS('Cleaned Data'!H:H,'Cleaned Data'!A:A,"*September*",'Cleaned Data'!B:B,"Instagram") -> 187 | C8: =SUMIFS('Cleaned Data'!H:H,'Cleaned Data'!A:A,"*October*",'Cleaned Data'!B:B,"Instagram") -> 245 | D8: =C8-B8 -> 58 | E8: =IFERROR((C8-B8)/B8,0) -> 0.31016043 | F8: =IF(ABS(E8)>0.5,"⚠ ANOMALY","Normal") -> Normal
A9: Avg Eng/Post | B9: =IFERROR(SUMIF('Cleaned Data'!A:A,"*September*",'Cleaned Data'!H:H)/COUNTIF('Cleaned Data'!A:A,"*September*"),0) -> 4840.4628 | C9: =IFERROR(SUMIF('Cleaned Data'!A:A,"*October*",'Cleaned Data'!H:H)/COUNTIF('Cleaned Data'!A:A,"*October*"),0) -> 3.358209 | D9: =C9-B9 -> -4837.1046 | E9: =IFERROR((C9-B9)/B9,0) -> -0.99930622 | F9: =IF(ABS(E9)>0.5,"⚠ ANOMALY","Normal") -> ⚠ ANOMALY
A10: Total Impressions | B10: =SUMIF('Cleaned Data'!A:A,"*September*",'Cleaned Data'!K:K) -> 1997128 | C10: =SUMIF('Cleaned Data'!A:A,"*October*",'Cleaned Data'!K:K) -> 15047 | D10: =C10-B10 -> -1982081 | E10: =IFERROR((C10-B10)/B10,0) -> -0.99246568 | F10: =IF(ABS(E10)>0.5,"⚠ ANOMALY","Normal") -> ⚠ ANOMALY
A11: Total Reach | B11: =SUMIF('Cleaned Data'!A:A,"*September*",'Cleaned Data'!L:L) -> 1983814 | C11: =SUMIF('Cleaned Data'!A:A,"*October*",'Cleaned Data'!L:L) -> 14573 | D11: =C11-B11 -> -1969241 | E11: =IFERROR((C11-B11)/B11,0) -> -0.99265405 | F11: =IF(ABS(E11)>0.5,"⚠ ANOMALY","Normal") -> ⚠ ANOMALY
A14: TOP 10 POSTS BY ENGAGEMENTS
A15: Rank | B15: Engagements | C15: Market | D15: Month | E15: Channel | F15: Pillar
A16: 1 | B16: 310752 | C16: Thailand | D16: September | E16: Facebook | F16: Product
A17: 2 | B17: 176204 | C17: Vietnam | D17: September | E17: Facebook | F17: Product
A18: 3 | B18: 109838 | C18: Thailand | D18: August | E18: Facebook | F18: Product
A19: 4 | B19: 76171 | C19: Taiwan | D19: September | E19: Facebook | F19: Product
A20: 5 | B20: 56549 | C20: Vietnam | D20: July | E20: Facebook | F20: Product
A21: 6 | B21: 55537 | C21: Vietnam | D21: August | E21: Facebook | F21: Product
A22: 7 | B22: 51184 | C22: International | D22: November | E22: Facebook | F22: Campaign
A23: 8 | B23: 38454 | C23: Thailand | D23: July | E23: Facebook | F23: Product
A24: 9 | B24: 26004 | C24: España | D24: November | E24: Facebook | F24: Campaign
A25: 10 | B25: 23984 | C25: Taiwan | D25: August | E25: Facebook | F25: Product
A27: NOTE: All Top 10 posts are Product Education videos from APAC markets (Thailand, Vietnam, Taiwan) on Facebook.

Sheet October anomaly
A2: Channel | B2: Oct Posts | C2: Oct Total Eng | D2: Oct Avg Eng/Post | E2: Oct Avg ER % | F2: Oct Total Imp
A3: Facebook | B3: =COUNTIFS(DATA!$A:$A,"October*",DATA!$B:$B,"Facebook") -> 70 | C3: =IFERROR(SUMIFS(DATA!$H:$H,DATA!$A:$A,"October*",DATA!$B:$B,"Facebook"),0) -> 205 | D3: =IFERROR(C3/B3,0) -> 2.9285714 | E3: =IFERROR(AVERAGEIFS(DATA!$M:$M,DATA!$A:$A,"October*",DATA!$B:$B,"Facebook")*100,0) -> 6.33246 | F3: =IFERROR(SUMIFS(DATA!$K:$K,DATA!$A:$A,"October*",DATA!$B:$B,"Facebook"),0) -> 12136
A4: Instagram | B4: =COUNTIFS(DATA!$A:$A,"October*",DATA!$B:$B,"Instagram") -> 64 | C4: =IFERROR(SUMIFS(DATA!$H:$H,DATA!$A:$A,"October*",DATA!$B:$B,"Instagram"),0) -> 245 | D4: =IFERROR(C4/B4,0) -> 3.828125 | E4: =IFERROR(AVERAGEIFS(DATA!$M:$M,DATA!$A:$A,"October*",DATA!$B:$B,"Instagram")*100,0) -> 10.660663 | F4: =IFERROR(SUMIFS(DATA!$K:$K,DATA!$A:$A,"October*",DATA!$B:$B,"Instagram"),0) -> 2911
A7: LOST ENGAGEMENT SCENARIO ANALYSIS
A8: Scenario | B8: Posts | C8: Avg Eng Used | D8: Projected Total Eng | E8: Actual Oct Eng | F8: Lost Engagements
A9: October at September Avg | B9: 134 | C9: 4840.5 | D9: =B9*C9 -> 648627 | E9: 450 | F9: =D9-E9 -> 648177
A10: October at Campaign Avg | B10: 134 | C10: 1646.5 | D10: =B10*C10 -> 220631 | E10: 450 | F10: =D10-E10 -> 220181
A13: ⚠ October : 134 posts, only 450 total engagements — a 99.9% collapse vs September peak

Sheet Insights
A1: Key Insights
A3: 📊 PERFORMANCE SNAPSHOT
B4: Total Posts Analysed | C4: =COUNTA('[2]1. Raw Data'!A2:A1000) -> 649
B5: Total Engagements | C5: =SUM('[2]1. Raw Data'!J:J) -> 1068580
B6: Total Impressions | C6: =SUM('[2]1. Raw Data'!M:M) -> 9179500
B7: Total Reach | C7: =SUM('[2]1. Raw Data'!N:N) -> 6192544
B8: Overall Avg Engagement Rate | C8: =AVERAGE('[2]1. Raw Data'!O:O) -> 0.079959051
B9: Peak Month | C9: September (585,696 engagements)
B10: Top Market | C10: Company X Thailand (avg 8,501 eng/post)
B11: Top Content Pillar | C11: Product Education (893K total engagements)
B12: Top Format | C12: Video (avg 1,690 eng/post on Facebook)

Sheet Sheet1__4
A1: Month | B1: Channel | C1: Profile (Market) | D1: Format | E1: Posted Date | F1: Pillar | G1: Master Pillar | H1: Engagements | I1: Comments | J1: Like | K1: Impressions | L1: Reach | M1: Engagement Rates
A2: July | B2: Facebook | C2: Japan | D2: video | E2: Jul 29th 2025 | F2: Education | G2: Bousai Education | H2: 2 | I2: 0 | J2: 1 | K2: 4 | L2: 4 | M2: 0.5
A3: July | B3: Facebook | C3: Middle East | D3: video | E3: Jul 29th 2025 | F3: Product | G3: Product Education | H3: 1 | I3: 0 | J3: 0 | K3: 165 | L3: 164 | M3: 0.006097561
A4: July | B4: Facebook | C4: Spain | D4: video | E4: Jul 29th 2025 | F4: Product | G4: Product Education | H4: 1 | I4: 0 | J4: 1 | K4: 187 | L4: 186 | M4: 0.0053763441
A5: July | B5: Facebook | C5: Česká republika | D5: video | E5: Jul 29th 2025 | F5: Product | G5: Product Education | H5: 2 | I5: 0 | J5: 0 | K5: 66 | L5: 66 | M5: 0.03030303
A6: July | B6: Facebook | C6: Vietnam | D6: video | E6: Jul 29th 2025 | F6: Product | G6: Product Education | H6: 0 | I6: 0 | J6: 0 | K6: 28 | L6: 28 | M6: 0
A7: July | B7: Facebook | C7: Turkey | D7: video | E7: Jul 29th 2025 | F7: Product | G7: Product Education | H7: 3 | I7: 0 | J7: 2 | K7: 26 | L7: 26 | M7: 0.11538462
A8: July | B8: Facebook | C8: Thailand | D8: video | E8: Jul 29th 2025 | F8: Product | G8: Product Education | H8: 2 | I8: 0 | J8: 0 | K8: 18 | L8: 17 | M8: 0.11764706
A9: July | B9: Facebook | C9: Taiwan | D9: video | E9: Jul 29th 2025 | F9: Product | G9: Product Education | H9: 0 | I9: 0 | J9: 0 | K9: 10 | L9: 10 | M9: 0
A10: July | B10: Facebook | C10: Hungary. | D10: video | E10: Jul 29th 2025 | F10: Product | G10: Product Education | H10: 0 | I10: 0 | J10: 0 | K10: 69 | L10: 69 | M10: 0
A11: July | B11: Facebook | C11: Hongkong | D11: video | E11: Jul 29th 2025 | F11: Product | G11: Product Education | H11: 4 | I11: 0 | J11: 3 | K11: 29 | L11: 29 | M11: 0.13793103
A12: July | B12: Facebook | C12: Belgium | D12: video | E12: Jul 29th 2025 | F12: Product | G12: Product Education | H12: 4 | I12: 0 | J12: 1 | K12: 833 | L12: 788 | M12: 0.0050761421
A13: July | B13: Facebook | C13: Greece | D13: video | E13: Jul 29th 2025 | F13: Product | G13: Product Education | H13: 1 | I13: 0 | J13: 0 | K13: 630 | L13: 630 | M13: 0.0015873016
... A650: November | B650: Instagram | C650: Taiwan | D650: IMAGE | E650: Nov 1st 2025 | F650: unknown | G650: unknown | H650: 2 | I650: 2 | J650: 0 | K650: 21 | L650: 20 | M650: 0.1

Sheet 1. Overall Performance
A1: a) Key Performance Trends Observed
A2: a) Key Performance Trends Observed The September Peak: The campaign hit its ultimate performance climax in September, generating 585,696 engagements and achieving a high industry-standard Engagement Rate (ER) of 29.3%. Platform Dominance: Facebook completely carried this campaign. Out of over 1.06 million total engagements, Facebook claimed 99.8% of the share, leaving Instagram with less than 1,100 total engagements across the entire tracking period. The Volatility Curve: Performance was incredibly volatile, building up from July, exploding in August/September, and completely dropping off at the end of the timeline
A10: b) Better vs. Weaker Content Stronger Performers: Content framed under the Campaign and Product Education pillars smashed expectations. Geographically, Thailand (8,501 average engagements/post) and Vietnam (5,339 average engagements/post) were your clear star markets. Weaker Performers: Product Features (3.5 average engagements/post) and Bousai Education (3.3 average engagements/post) generated virtually zero traction. Geographically, European markets like Belgium, Greece, and Hungary sat firmly at the bottom.
A22: c) Unusual Patterns or Outliers Identified The Great October Collapse: There is a staggering anomaly in October. While output remained high (134 posts), total engagements dropped to a near-impossible 450 engagements—a 99.9% collapse compared to September. This indicates an algorithmic penalty, a total cessation of paid ad budget, or severe data tracking breakages. The Campaign Pillar Spike: Only 8 posts were classified under the "Campaign" pillar, but they averaged 18,854 engagements per post. This is a massive statistical outlier driven by a highly concentrated hyper-viral response or targeted ad spend.

Sheet 2. Content & Engagement Analysi
A1: a) Which content pillar drives stronger engagement? Product Education is your main horse, driving 893,797 total engagements across 202 posts. However, on a normalized basis, the Campaign pillar yields the highest density of interactions per post.
B9: Content Pillar | C9: Posts | D9: Total Engagements | E9: Avg. Engagements / Post | F9: Performance Status
B10: Campaign | C10: 8 | D10: 150829 | E10: 18853.6 | F10: ✔ Strong
B11: Product Education | C11: 202 | D11: 893797 | E11: 4424.7 | F11: ✔ Strong
B12: Giveaway Promotion | C12: 15 | D12: 8235 | E12: 549 | F12: ✘ Weak
B13: Agile | C13: 186 | D13: 14939 | E13: 80.3 | F13: ✔ Strong
B14: Product Feature | C14: 66 | D14: 233 | E14: 3.5 | F14: ✘ Weak
A16: b) Which post format performed better? Video is the clear winner. It accounted for 631 out of 649 total tracked posts and captured 1,066,499 total engagements with an ER of 11.87%. Photos showed a strong average performance (1,001.5 engagements/post), but with a sample size of only 2 posts, it cannot be deemed a scalable trend. Carousel Albums completely underperformed, generating only 5 engagements per post
A29: c) Possible Reasons for Performance Differences Paid Budget Allocation vs. Organic Reach: The massive engagement numbers on Facebook Video content for "Product Education" strongly point toward paid media amplification. When the budget stopped (likely October), reach collapsed. Audience Intent & Localization: Southeast Asian markets (Thailand, Vietnam) responded aggressively to video-first product education. European audiences showed low friction or poor localization, resulting in flatlines. Feature Fatigue: Posts labeled "Product Feature" look like standard corporate feature-dumping, which audiences find unengaging compared to higher-level storytelling found in "Product Education" or incentivized "Campaigns".

Sheet 3. Performance Metrics Review
A1: a) Impressions (9,179,500 Total) What it means: The total number of times your content was displayed on a screen. Business Perspective: This represents your maximum brand awareness footprint. With over 9.1 million impressions, your brand built significant top-of-funnel visibility, primarily in August and September.
A12: c) Engagements (1,068,580 Total) What it means: The total volume of intentional interactions (likes, comments, shares, clicks). Business Perspective: Over a million actions indicate deep audience validation. Your content didn't just drift past people's eyes; it successfully stopped the thumb-scroll.
A13: d) Engagement Rate (7.99% Overall Avg.) What it means: Total Engagements divided by Total Impressions. Business Perspective: An average ER of ~8% across nearly 10 million impressions is excellent (standard benchmarks hover around 1%–3%). This proves that when your content reached the target audience, the product messaging resonated beautifully.
A14: e) Likes (783 Total) vs. Comments (1,014 Total) What it means: This dataset shows an incredibly strange anomaly—very low likes and comments relative to massive overall engagement numbers. Business Perspective: Out of 1.06M engagements, less than 2,000 came from Likes or Comments. This reveals that your engagements are almost purely driven by Link Clicks, Shares, or Video Views (expanded to 3+ seconds). From a business perspective, this is fantastic news. It implies your audience isn't just passively "liking" a pretty picture—they are taking high-intent actions, such as clicking through to a landing page or consuming video content deeply.
